Source Row,Inventory,Proposed Scope,Scope Approval,Source Equipment Name,Display Equipment Name,Source Sequence,Source Reference,Normalized Category,Tracking Model,Quantity,Proposed Internal Asset Code,Manufacturer Serial,Reconciliation Status,Candidate Nerve Asset ID,Candidate Nerve Asset Tag,PRIMARY DECISION STATE,Proposed Accessory Grouping,Review Flag,Decision,Decided By,Decision Date,Notes
4,MEDIA_CREW,MEDIA_CREW,PENDING,SONY S3,SONY S3 1,1,,Camera Body,SERIALIZED,,MC-0001,,DUPLICATE_RISK,1 | 2,EQ-CAM-001 | EQ-CAM-002,PHYSICAL_VERIFICATION,,DUPLICATE RISK — do not import until the unit is identified,,,,
5,MEDIA_CREW,MEDIA_CREW,PENDING,SONY S3,SONY S3 2,2,,Camera Body,SERIALIZED,,MC-0002,,DUPLICATE_RISK,1 | 2,EQ-CAM-001 | EQ-CAM-002,PHYSICAL_VERIFICATION,,DUPLICATE RISK — do not import until the unit is identified,,,,
6,MEDIA_CREW,MEDIA_CREW,PENDING,SONY M4,SONY M4 1,1,,Camera Body,SERIALIZED,,MC-0003,,NEW,,,CONFIRM_NEW,,,,,,
7,MEDIA_CREW,MEDIA_CREW,PENDING,SONY M4,SONY M4 2,2,,Camera Body,SERIALIZED,,MC-0004,,NEW,,,CONFIRM_NEW,,,,,,
8,MEDIA_CREW,MEDIA_CREW,PENDING,SONY M4,SONY M4,,TOUR,Camera Body,REQUIRES_REVIEW,,,,NEW,,,IDENTITY_DECISION_REQUIRED,,"NON-NUMERIC SOURCE VALUE (""TOUR"") — preserved as source_reference, NOT a serial",,,,
9,MEDIA_CREW,MEDIA_CREW,PENDING,SONY C2,SONY C2 1,1,,Camera Body,SERIALIZED,,MC-0005,,NEW,,,CONFIRM_NEW,,,,,,
10,MEDIA_CREW,MEDIA_CREW,PENDING,SONY  ZEV,SONY  ZEV 1,1,,Camera Body,SERIALIZED,,MC-0006,,NEW,,,CONFIRM_NEW,,,,,,
11,MEDIA_CREW,MEDIA_CREW,PENDING,BLACKMAGIC,BLACKMAGIC 1,1,,Camera Body,SERIALIZED,,MC-0007,,NEW,,,CONFIRM_NEW,,,,,,
12,MEDIA_CREW,MEDIA_CREW,PENDING,LUMIX,LUMIX 1,1,,Camera Body,SERIALIZED,,MC-0008,,NEW,,,CONFIRM_NEW,,,,,,
13,MEDIA_CREW,MEDIA_CREW,PENDING,SONY 35 MM,SONY 35 MM 1,1,,Lens,SERIALIZED,,MC-0009,,POSSIBLE_MATCH,10,EQ-LEN-003,PHYSICAL_VERIFICATION,,POSSIBLE MATCH — confirm before import or a duplicate is created,,,,
14,MEDIA_CREW,MEDIA_CREW,PENDING,SONY 35 MM,SONY 35 MM 2,2,,Lens,SERIALIZED,,MC-0010,,POSSIBLE_MATCH,10,EQ-LEN-003,PHYSICAL_VERIFICATION,,POSSIBLE MATCH — confirm before import or a duplicate is created,,,,
15,MEDIA_CREW,MEDIA_CREW,PENDING,SONY 50 1.8,SONY 50 1.8 1,1,,Lens,SERIALIZED,,MC-0011,,NEW,,,CONFIRM_NEW,,,,,,
16,MEDIA_CREW,MEDIA_CREW,PENDING,SONY 85,SONY 85 1,1,,REVIEW,REQUIRES_REVIEW,,,,REQUIRES_REVIEW,,,IDENTITY_DECISION_REQUIRED,,CATEGORY NOT CONFIDENTLY RESOLVED | CATEGORY REQUIRES REVIEW,,,,
17,MEDIA_CREW,MEDIA_CREW,PENDING,SONY 24/70,SONY 24/70 1,1,,Lens,SERIALIZED,,MC-0012,,POSSIBLE_MATCH,8,EQ-LEN-001,PHYSICAL_VERIFICATION,,POSSIBLE MATCH — confirm before import or a duplicate is created,,,,
18,MEDIA_CREW,MEDIA_CREW,PENDING,SONY 24/70,SONY 24/70 2,2,,Lens,SERIALIZED,,MC-0013,,POSSIBLE_MATCH,8,EQ-LEN-001,PHYSICAL_VERIFICATION,,POSSIBLE MATCH — confirm before import or a duplicate is created,,,,
19,MEDIA_CREW,MEDIA_CREW,PENDING,SONY 24*105,SONY 24*105 1,1,,Lens,SERIALIZED,,MC-0014,,NEW,,,CONFIRM_NEW,,,,,,
20,MEDIA_CREW,MEDIA_CREW,PENDING,SAMYANG 18 MM,SAMYANG 18 MM 1,1,,Lens,SERIALIZED,,MC-0015,,NEW,,,CONFIRM_NEW,,,,,,
21,MEDIA_CREW,MEDIA_CREW,PENDING,SAMYANG 18 MM,SAMYANG 18 MM 2,2,,Lens,SERIALIZED,,MC-0016,,NEW,,,CONFIRM_NEW,,,,,,
22,MEDIA_CREW,MEDIA_CREW,PENDING,SAMYANG 18 MM,SAMYANG 18 MM 3,3,,Lens,SERIALIZED,,MC-0017,,NEW,,,CONFIRM_NEW,,,,,,
23,MEDIA_CREW,MEDIA_CREW,PENDING,SAMYANG 50 1.4,SAMYANG 50 1.4 1,1,,Lens,SERIALIZED,,MC-0018,,NEW,,,CONFIRM_NEW,,,,,,
24,MEDIA_CREW,MEDIA_CREW,PENDING,CANON 24/105,CANON 24/105 1,1,,Lens,SERIALIZED,,MC-0019,,POSSIBLE_MATCH,12,EQ-LEN-005,PHYSICAL_VERIFICATION,,POSSIBLE MATCH — confirm before import or a duplicate is created,,,,
25,MEDIA_CREW,MEDIA_CREW,PENDING,CANON 24/105,CANON 24/105 2,2,,Lens,SERIALIZED,,MC-0020,,POSSIBLE_MATCH,12,EQ-LEN-005,PHYSICAL_VERIFICATION,,POSSIBLE MATCH — confirm before import or a duplicate is created,,,,
26,MEDIA_CREW,MEDIA_CREW,PENDING,CANON 100/400,CANON 100/400 1,1,,Lens,SERIALIZED,,MC-0021,,NEW,,,CONFIRM_NEW,,,,,,
27,MEDIA_CREW,MEDIA_CREW,PENDING,CANON 70/200,CANON 70/200 1,1,,Lens,SERIALIZED,,MC-0022,,NEW,,,CONFIRM_NEW,,,,,,
28,MEDIA_CREW,MEDIA_CREW,PENDING,HOLLYLAND MIC,HOLLYLAND MIC 1,1,,Microphone / Wireless Audio,SERIALIZED,,MC-0023,,NEW,,,CONFIRM_NEW,,,,,,
29,MEDIA_CREW,MEDIA_CREW,PENDING,HOLLYLAND MIC,HOLLYLAND MIC 2,2,,Microphone / Wireless Audio,SERIALIZED,,MC-0024,,NEW,,,CONFIRM_NEW,,,,,,
30,MEDIA_CREW,MEDIA_CREW,PENDING,HOLLYLAND MIC,HOLLYLAND MIC 3,3,,Microphone / Wireless Audio,SERIALIZED,,MC-0025,,NEW,,,CONFIRM_NEW,,,,,,
31,MEDIA_CREW,MEDIA_CREW,PENDING,SONY CHARGER,SONY CHARGER 1,1,,Charger,REQUIRES_REVIEW,,,,NEW,,,IDENTITY_DECISION_REQUIRED,LIKELY INDIVIDUAL,CONSUMABLE/ACCESSORY FAMILY — serialized or stock is a human decision,,,,
32,MEDIA_CREW,MEDIA_CREW,PENDING,SONY CHARGER,SONY CHARGER 2,2,,Charger,REQUIRES_REVIEW,,,,NEW,,,IDENTITY_DECISION_REQUIRED,LIKELY INDIVIDUAL,CONSUMABLE/ACCESSORY FAMILY — serialized or stock is a human decision,,,,
33,MEDIA_CREW,MEDIA_CREW,PENDING,SONY CHARGER,SONY CHARGER 3,3,,Charger,REQUIRES_REVIEW,,,,NEW,,,IDENTITY_DECISION_REQUIRED,LIKELY INDIVIDUAL,CONSUMABLE/ACCESSORY FAMILY — serialized or stock is a human decision,,,,
34,MEDIA_CREW,MEDIA_CREW,PENDING,CANON CHARGER,CANON CHARGER 1,1,,Charger,REQUIRES_REVIEW,,,,NEW,,,IDENTITY_DECISION_REQUIRED,LIKELY INDIVIDUAL,CONSUMABLE/ACCESSORY FAMILY — serialized or stock is a human decision,,,,
35,MEDIA_CREW,MEDIA_CREW,PENDING,LUMIX CHARGER,LUMIX CHARGER 1,1,,Charger,REQUIRES_REVIEW,,,,NEW,,,IDENTITY_DECISION_REQUIRED,LIKELY INDIVIDUAL,CONSUMABLE/ACCESSORY FAMILY — serialized or stock is a human decision,,,,
36,MEDIA_CREW,MEDIA_CREW,PENDING,TRAYPODE MINI,TRAYPODE MINI 1,1,,Tripod / Support,SERIALIZED,,MC-0026,,NEW,,,CONFIRM_NEW,,,,,,
37,MEDIA_CREW,MEDIA_CREW,PENDING,TRAYPODE MINI,TRAYPODE MINI 2,2,,Tripod / Support,SERIALIZED,,MC-0027,,NEW,,,CONFIRM_NEW,,,,,,
38,MEDIA_CREW,MEDIA_CREW,PENDING,TRAYPODE MINI,TRAYPODE MINI 3,3,,Tripod / Support,SERIALIZED,,MC-0028,,NEW,,,CONFIRM_NEW,,,,,,
39,MEDIA_CREW,MEDIA_CREW,PENDING,GIMBLE,GIMBLE 1,1,,Gimbal,SERIALIZED,,MC-0029,,NEW,,,CONFIRM_NEW,,,,,,
40,MEDIA_CREW,MEDIA_CREW,PENDING,GIMBLE,GIMBLE 2,2,,Gimbal,SERIALIZED,,MC-0030,,NEW,,,CONFIRM_NEW,,,,,,
41,MEDIA_CREW,MEDIA_CREW,PENDING,LENS CONVTER,LENS CONVTER 1,1,,Lens Converter,SERIALIZED,,MC-0031,,NEW,,,CONFIRM_NEW,,,,,,
42,MEDIA_CREW,MEDIA_CREW,PENDING,NINJA SCREEN,NINJA SCREEN 1,1,,Monitor / Recorder,SERIALIZED,,MC-0032,,NEW,,,CONFIRM_NEW,,,,,,
43,MEDIA_CREW,MEDIA_CREW,PENDING,YOLO LIVE,YOLO LIVE 1,1,,Monitor / Recorder,SERIALIZED,,MC-0033,,NEW,,,CONFIRM_NEW,,,,,,
44,MEDIA_CREW,MEDIA_CREW,PENDING,WEB CAME OBSBOT,WEB CAME OBSBOT 1,1,,Webcam,SERIALIZED,,MC-0034,,NEW,,,CONFIRM_NEW,,,,,,
45,MEDIA_CREW,MEDIA_CREW,PENDING,WIRELESS HOLLYLAND,WIRELESS HOLLYLAND 1,1,,Microphone / Wireless Audio,SERIALIZED,,MC-0035,,NEW,,,CONFIRM_NEW,,,,,,
46,MEDIA_CREW,MEDIA_CREW,PENDING,INSTA 360,INSTA 360 1,1,,360 Camera,SERIALIZED,,MC-0036,,NEW,,,CONFIRM_NEW,,,,,,
47,MEDIA_CREW,MEDIA_CREW,PENDING,DRONE MAVIC 4PRO,DRONE MAVIC 4PRO 1,1,,Drone,SERIALIZED,,MC-0037,,NEW,,,CONFIRM_NEW,,,,,,
48,MEDIA_CREW,MEDIA_CREW,PENDING,BOYA MICE,BOYA MICE 1,1,,Microphone / Wireless Audio,SERIALIZED,,MC-0038,,NEW,,,CONFIRM_NEW,,,,,,
49,MEDIA_CREW,MEDIA_CREW,PENDING,LC LIGHT,LC LIGHT 1,1,,Light,SERIALIZED,,MC-0039,,NEW,,,CONFIRM_NEW,,,,,,
50,MEDIA_CREW,MEDIA_CREW,PENDING,LC LIGHT,LC LIGHT 2,2,,Light,SERIALIZED,,MC-0040,,NEW,,,CONFIRM_NEW,,,,,,
51,MEDIA_CREW,MEDIA_CREW,PENDING,PXW Z190,PXW Z190,,,Camera Body,REQUIRES_REVIEW,,,,NEW,,,IDENTITY_DECISION_REQUIRED,,NO SOURCE SEQUENCE — unit identity and count are both unstated,,,,
52,MEDIA_CREW,MEDIA_CREW,PENDING,PXW Z190 CHARGER,PXW Z190 CHARGER 1,1,,Charger,REQUIRES_REVIEW,,,,NEW,,,IDENTITY_DECISION_REQUIRED,LIKELY INDIVIDUAL,CONSUMABLE/ACCESSORY FAMILY — serialized or stock is a human decision,,,,
53,MEDIA_CREW,MEDIA_CREW,PENDING,MOBILE  RODE NEW,MOBILE  RODE NEW 1,1,,Microphone / Wireless Audio,SERIALIZED,,MC-0041,,NEW,,,CONFIRM_NEW,,,,,,
54,MEDIA_CREW,MEDIA_CREW,PENDING,HOLLYLAND MIC MOBILE,HOLLYLAND MIC MOBILE 1,1,,Microphone / Wireless Audio,SERIALIZED,,MC-0042,,NEW,,,CONFIRM_NEW,,,,,,
55,MEDIA_CREW,MEDIA_CREW,PENDING,HOLLYLAND MIC MOBILE,HOLLYLAND MIC MOBILE 2,2,,Microphone / Wireless Audio,SERIALIZED,,MC-0043,,NEW,,,CONFIRM_NEW,,,,,,
56,MEDIA_CREW,MEDIA_CREW,PENDING,HOLLYLAND MIC MOBILE,HOLLYLAND MIC MOBILE 3,3,,Microphone / Wireless Audio,SERIALIZED,,MC-0044,,NEW,,,CONFIRM_NEW,,,,,,
57,MEDIA_CREW,MEDIA_CREW,PENDING,HOLLYLAND MIC MOBILE,HOLLYLAND MIC MOBILE 4,4,,Microphone / Wireless Audio,SERIALIZED,,MC-0045,,NEW,,,CONFIRM_NEW,,,,,,
58,MEDIA_CREW,MEDIA_CREW,PENDING,2 LANE CONNECTOR,2 LANE CONNECTOR,,MANAV,Cable / Adapter,REQUIRES_REVIEW,,,,NEW,,,IDENTITY_DECISION_REQUIRED,,"NON-NUMERIC SOURCE VALUE (""MANAV"") — preserved as source_reference, NOT a serial",,,,
59,MEDIA_CREW,MEDIA_CREW,PENDING,2 LANE CONNECTOR,2 LANE CONNECTOR,,JOVIAN,Cable / Adapter,REQUIRES_REVIEW,,,,NEW,,,IDENTITY_DECISION_REQUIRED,,"NON-NUMERIC SOURCE VALUE (""JOVIAN"") — preserved as source_reference, NOT a serial",,,,
60,MEDIA_CREW,MEDIA_CREW,PENDING,SONY EXTRA BATTRAY,SONY EXTRA BATTRAY 1,1,,Battery / Cell,REQUIRES_REVIEW,,,,NEW,,,IDENTITY_DECISION_REQUIRED,AMBIGUOUS,CONSUMABLE/ACCESSORY FAMILY — serialized or stock is a human decision,,,,
61,MEDIA_CREW,MEDIA_CREW,PENDING,SONY EXTRA BATTRAY,SONY EXTRA BATTRAY 2,2,,Battery / Cell,REQUIRES_REVIEW,,,,NEW,,,IDENTITY_DECISION_REQUIRED,AMBIGUOUS,CONSUMABLE/ACCESSORY FAMILY — serialized or stock is a human decision,,,,
62,MEDIA_CREW,MEDIA_CREW,PENDING,SONY EXTRA BATTRAY,SONY EXTRA BATTRAY 3,3,,Battery / Cell,REQUIRES_REVIEW,,,,NEW,,,IDENTITY_DECISION_REQUIRED,AMBIGUOUS,CONSUMABLE/ACCESSORY FAMILY — serialized or stock is a human decision,,,,
63,MEDIA_CREW,MEDIA_CREW,PENDING,SONY EXTRA BATTRAY,SONY EXTRA BATTRAY 4,4,,Battery / Cell,REQUIRES_REVIEW,,,,NEW,,,IDENTITY_DECISION_REQUIRED,AMBIGUOUS,CONSUMABLE/ACCESSORY FAMILY — serialized or stock is a human decision,,,,
64,MEDIA_CREW,MEDIA_CREW,PENDING,SONY EXTRA BATTRAY,SONY EXTRA BATTRAY 5,5,,Battery / Cell,REQUIRES_REVIEW,,,,NEW,,,IDENTITY_DECISION_REQUIRED,AMBIGUOUS,CONSUMABLE/ACCESSORY FAMILY — serialized or stock is a human decision,,,,
65,MEDIA_CREW,MEDIA_CREW,PENDING,BATTRAY S3 1,BATTRAY S3 1 1,1,,Battery / Cell,REQUIRES_REVIEW,,,,NEW,,,IDENTITY_DECISION_REQUIRED,AMBIGUOUS,CONSUMABLE/ACCESSORY FAMILY — serialized or stock is a human decision,,,,
66,MEDIA_CREW,MEDIA_CREW,PENDING,BATTRAY S3 2,BATTRAY S3 2 2,2,,Battery / Cell,REQUIRES_REVIEW,,,,NEW,,,IDENTITY_DECISION_REQUIRED,AMBIGUOUS,CONSUMABLE/ACCESSORY FAMILY — serialized or stock is a human decision,,,,
67,MEDIA_CREW,MEDIA_CREW,PENDING,BATTRAY M4 1,BATTRAY M4 1 1,1,,Battery / Cell,REQUIRES_REVIEW,,,,NEW,,,IDENTITY_DECISION_REQUIRED,AMBIGUOUS,CONSUMABLE/ACCESSORY FAMILY — serialized or stock is a human decision,,,,
68,MEDIA_CREW,MEDIA_CREW,PENDING,BATTRAY M4 2,BATTRAY M4 2 2,2,,Battery / Cell,REQUIRES_REVIEW,,,,NEW,,,IDENTITY_DECISION_REQUIRED,AMBIGUOUS,CONSUMABLE/ACCESSORY FAMILY — serialized or stock is a human decision,,,,
69,MEDIA_CREW,MEDIA_CREW,PENDING,BATTRAY M4 3 TOUR,BATTRAY M4 3 TOUR 3,3,,Battery / Cell,REQUIRES_REVIEW,,,,NEW,,,IDENTITY_DECISION_REQUIRED,AMBIGUOUS,CONSUMABLE/ACCESSORY FAMILY — serialized or stock is a human decision,,,,
70,MEDIA_CREW,MEDIA_CREW,PENDING,BATTRAY M4 3 TOUR,BATTRAY M4 3 TOUR 4,4,,Battery / Cell,REQUIRES_REVIEW,,,,NEW,,,IDENTITY_DECISION_REQUIRED,AMBIGUOUS,CONSUMABLE/ACCESSORY FAMILY — serialized or stock is a human decision,,,,
71,MEDIA_CREW,MEDIA_CREW,PENDING,BATTRAY C2,BATTRAY C2 1,1,,Battery / Cell,REQUIRES_REVIEW,,,,NEW,,,IDENTITY_DECISION_REQUIRED,AMBIGUOUS,CONSUMABLE/ACCESSORY FAMILY — serialized or stock is a human decision,,,,
75,PID,PID,PENDING,SONY FX 3,SONY FX 3 1,1,,Camera Body,SERIALIZED,,PID-0001,,DUPLICATE_RISK,1 | 2,EQ-CAM-001 | EQ-CAM-002,PHYSICAL_VERIFICATION,,DUPLICATE RISK — do not import until the unit is identified,,,,
76,PID,PID,PENDING,SONY 16/35,SONY 16/35 1,1,,Lens,SERIALIZED,,PID-0002,,POSSIBLE_MATCH,10,EQ-LEN-003,PHYSICAL_VERIFICATION,,POSSIBLE MATCH — confirm before import or a duplicate is created,,,,
77,PID,PID,PENDING,SONY 85 G MM,SONY 85 G MM 1,1,,Lens,SERIALIZED,,PID-0003,,POSSIBLE_MATCH,11,EQ-LEN-004,PHYSICAL_VERIFICATION,,POSSIBLE MATCH — confirm before import or a duplicate is created,,,,
78,PID,PID,PENDING,SONY 24MM,SONY 24MM 1,1,,Lens,SERIALIZED,,PID-0004,,POSSIBLE_MATCH,8,EQ-LEN-001,PHYSICAL_VERIFICATION,,POSSIBLE MATCH — confirm before import or a duplicate is created,,,,
79,PID,PID,PENDING,SONY 24/70,SONY 24/70 1,1,,Lens,SERIALIZED,,PID-0005,,POSSIBLE_MATCH,8,EQ-LEN-001,PHYSICAL_VERIFICATION,,POSSIBLE MATCH — confirm before import or a duplicate is created,,,,
80,PID,PID,PENDING,SIGMA 50 MM,SIGMA 50 MM 1,1,,Lens,SERIALIZED,,PID-0006,,NEW,,,CONFIRM_NEW,,,,,,
81,PID,PID,PENDING,SIGMA 50 MM,SIGMA 50 MM 2,2,,Lens,SERIALIZED,,PID-0007,,NEW,,,CONFIRM_NEW,,,,,,
82,PID,PID,PENDING,SAMYANG 50 1.4,SAMYANG 50 1.4 1,1,,Lens,SERIALIZED,,PID-0008,,NEW,,,CONFIRM_NEW,,,,,,
83,PID,PID,PENDING,SONY CHARGER,SONY CHARGER 1,1,,Charger,REQUIRES_REVIEW,,,,NEW,,,IDENTITY_DECISION_REQUIRED,LIKELY INDIVIDUAL,CONSUMABLE/ACCESSORY FAMILY — serialized or stock is a human decision,,,,
84,PID,PID,PENDING,FX BATTRAY,FX BATTRAY 1,1,,Battery / Cell,REQUIRES_REVIEW,,,,NEW,,,IDENTITY_DECISION_REQUIRED,AMBIGUOUS,CONSUMABLE/ACCESSORY FAMILY — serialized or stock is a human decision,,,,
85,PID,PID,PENDING,FX BATTRAY,FX BATTRAY 2,2,,Battery / Cell,REQUIRES_REVIEW,,,,NEW,,,IDENTITY_DECISION_REQUIRED,AMBIGUOUS,CONSUMABLE/ACCESSORY FAMILY — serialized or stock is a human decision,,,,
86,PID,PID,PENDING,RS3(JMC),RS3(JMC) 1,1,,Gimbal,SERIALIZED,,PID-0009,,NEW,,,CONFIRM_NEW,,,,,,
87,PID,PID,PENDING,RS4 PRO( FTV),RS4 PRO( FTV) 1,1,,Gimbal,SERIALIZED,,PID-0010,,NEW,,,CONFIRM_NEW,,,,,,
88,PID,PID,PENDING,TRYPODE mini ornge,TRYPODE mini ornge 1,1,,Tripod / Support,SERIALIZED,,PID-0011,,NEW,,,CONFIRM_NEW,,,,,,
89,PID,PID,PENDING,TRYPODE mini ornge,TRYPODE mini ornge 2,2,,Tripod / Support,SERIALIZED,,PID-0012,,NEW,,,CONFIRM_NEW,,,,,,
90,PID,PID,PENDING,TRYPODE mini ornge,TRYPODE mini ornge 3,3,,Tripod / Support,SERIALIZED,,PID-0013,,NEW,,,CONFIRM_NEW,,,,,,
91,PID,PID,PENDING,TRYPODE mini ornge,TRYPODE mini ornge 4,4,,Tripod / Support,SERIALIZED,,PID-0014,,NEW,,,CONFIRM_NEW,,,,,,
92,PID,PID,PENDING,TELEPROMPTER NEW,TELEPROMPTER NEW 1,1,,Teleprompter,SERIALIZED,,PID-0015,,NEW,,,CONFIRM_NEW,,,,,,
93,PID,PID,PENDING,TELEPROMPTER OLD,TELEPROMPTER OLD 2,2,,Teleprompter,SERIALIZED,,PID-0016,,NEW,,,CONFIRM_NEW,,,,,,
94,PID,PID,PENDING,AMRON 300 LIGHT,AMRON 300 LIGHT 1,1,,Light,SERIALIZED,,PID-0017,,NEW,,,CONFIRM_NEW,,,,,,
95,PID,PID,PENDING,AMRON 300 LIGHT,AMRON 300 LIGHT 2,2,,Light,SERIALIZED,,PID-0018,,NEW,,,CONFIRM_NEW,,,,,,
96,PID,PID,PENDING,NOVA PANNEL,NOVA PANNEL 1,1,,Light,SERIALIZED,,PID-0019,,NEW,,,CONFIRM_NEW,,,,,,
97,PID,PID,PENDING,NOVA PANNEL,NOVA PANNEL 2,2,,Light,SERIALIZED,,PID-0020,,NEW,,,CONFIRM_NEW,,,,,,
98,PID,PID,PENDING,BABY LIGHT,BABY LIGHT 1,1,,Light,SERIALIZED,,PID-0021,,NEW,,,CONFIRM_NEW,,,,,,
99,PID,PID,PENDING,BABY LIGHT,BABY LIGHT 2,2,,Light,SERIALIZED,,PID-0022,,NEW,,,CONFIRM_NEW,,,,,,
100,PID,PID,PENDING,BABY LIGHT,BABY LIGHT 3,3,,Light,SERIALIZED,,PID-0023,,NEW,,,CONFIRM_NEW,,,,,,
101,PID,PID,PENDING,BABY LIGHT,BABY LIGHT 4,4,,Light,SERIALIZED,,PID-0024,,NEW,,,CONFIRM_NEW,,,,,,
102,PID,PID,PENDING,Digitek video light,Digitek video light 1,1,,Light,SERIALIZED,,PID-0025,,NEW,,,CONFIRM_NEW,,,,,,
103,PID,PID,PENDING,Digitek video light,Digitek video light 2,2,,Light,SERIALIZED,,PID-0026,,NEW,,,CONFIRM_NEW,,,,,,
104,PID,PID,PENDING,Digitek video light,Digitek video light 3,3,,Light,SERIALIZED,,PID-0027,,NEW,,,CONFIRM_NEW,,,,,,
105,PID,PID,PENDING,Digitek video light,Digitek video light 4,4,,Light,SERIALIZED,,PID-0028,,NEW,,,CONFIRM_NEW,,,,,,
106,PID,PID,PENDING,Digitek video light,Digitek video light 5,5,,Light,SERIALIZED,,PID-0029,,NEW,,,CONFIRM_NEW,,,,,,
107,PID,PID,PENDING,Digitek video light,Digitek video light 6,6,,Light,SERIALIZED,,PID-0030,,NEW,,,CONFIRM_NEW,,,,,,
108,PID,PID,PENDING,Godox SL 60 II D,Godox SL 60 II D 1,1,,Light,SERIALIZED,,PID-0031,,POSSIBLE_MATCH,21,EQ-LGT-004,PHYSICAL_VERIFICATION,,POSSIBLE MATCH — confirm before import or a duplicate is created,,,,
109,PID,PID,PENDING,Sennhesier ENG set,Sennhesier ENG set 1,1,,Microphone / Wireless Audio,SERIALIZED,,PID-0032,,NEW,,,CONFIRM_NEW,,,,,,
110,PID,PID,PENDING,sennhesier Profile wireless,sennhesier Profile wireless 1,1,,Microphone / Wireless Audio,SERIALIZED,,PID-0033,,NEW,,,CONFIRM_NEW,,,,,,
111,PID,PID,PENDING,Sennhesier MKE 600 shotgun mic,Sennhesier MKE 600 shotgun mic 1,1,,Microphone / Wireless Audio,SERIALIZED,,PID-0034,,NEW,,,CONFIRM_NEW,,,,,,
112,PID,PID,PENDING,Arturia minifuse 2,Arturia minifuse 2 1,1,,Audio Interface,SERIALIZED,,PID-0035,,NEW,,,CONFIRM_NEW,,,,,,
113,PID,PID,PENDING,sony E70-350mm,sony E70-350mm 1,1,,Lens,SERIALIZED,,PID-0036,,NEW,,,CONFIRM_NEW,,,,,,
114,PID,PID,PENDING,sony E70-350mm,sony E70-350mm 2,2,,Lens,SERIALIZED,,PID-0037,,NEW,,,CONFIRM_NEW,,,,,,
115,PID,PID,PENDING,sony EPZ 18-105mm,sony EPZ 18-105mm 1,1,,Lens,SERIALIZED,,PID-0038,,NEW,,,CONFIRM_NEW,,,,,,
116,PID,PID,PENDING,sony EPZ 18-105mm,sony EPZ 18-105mm 2,2,,Lens,SERIALIZED,,PID-0039,,NEW,,,CONFIRM_NEW,,,,,,
117,PID,PID,PENDING,sony EPZ 18-105mm,sony EPZ 18-105mm 3,3,,Lens,SERIALIZED,,PID-0040,,NEW,,,CONFIRM_NEW,,,,,,
118,PID,PID,PENDING,magic arm,magic arm 1,1,,Support Accessory,REQUIRES_REVIEW,,,,NEW,,,IDENTITY_DECISION_REQUIRED,LIKELY INDIVIDUAL,CONSUMABLE/ACCESSORY FAMILY — serialized or stock is a human decision,,,,
119,PID,PID,PENDING,magic arm,magic arm 2,2,,Support Accessory,REQUIRES_REVIEW,,,,NEW,,,IDENTITY_DECISION_REQUIRED,LIKELY INDIVIDUAL,CONSUMABLE/ACCESSORY FAMILY — serialized or stock is a human decision,,,,
120,PID,PID,PENDING,magic arm,magic arm 3,3,,Support Accessory,REQUIRES_REVIEW,,,,NEW,,,IDENTITY_DECISION_REQUIRED,LIKELY INDIVIDUAL,CONSUMABLE/ACCESSORY FAMILY — serialized or stock is a human decision,,,,
121,PID,PID,PENDING,XLR to AUX (MX),XLR to AUX (MX) 1,1,,Cable / Adapter,REQUIRES_REVIEW,,,,NEW,,,IDENTITY_DECISION_REQUIRED,AMBIGUOUS,CONSUMABLE/ACCESSORY FAMILY — serialized or stock is a human decision,,,,
122,PID,PID,PENDING,XLR to AUX (MX),XLR to AUX (MX) 2,2,,Cable / Adapter,REQUIRES_REVIEW,,,,NEW,,,IDENTITY_DECISION_REQUIRED,AMBIGUOUS,CONSUMABLE/ACCESSORY FAMILY — serialized or stock is a human decision,,,,
123,PID,PID,PENDING,XLR to AUX (MX),XLR to AUX (MX) 3,3,,Cable / Adapter,REQUIRES_REVIEW,,,,NEW,,,IDENTITY_DECISION_REQUIRED,AMBIGUOUS,CONSUMABLE/ACCESSORY FAMILY — serialized or stock is a human decision,,,,
124,PID,PID,PENDING,panasonic cell charger,panasonic cell charger 1,1,,Charger,REQUIRES_REVIEW,,,,NEW,,,IDENTITY_DECISION_REQUIRED,AMBIGUOUS,CONSUMABLE/ACCESSORY FAMILY — serialized or stock is a human decision,,,,
125,PID,PID,PENDING,panasonic cell charger,panasonic cell charger 2,2,,Charger,REQUIRES_REVIEW,,,,NEW,,,IDENTITY_DECISION_REQUIRED,AMBIGUOUS,CONSUMABLE/ACCESSORY FAMILY — serialized or stock is a human decision,,,,
126,PID,PID,PENDING,panasonic cell charger,panasonic cell charger 3,3,,Charger,REQUIRES_REVIEW,,,,NEW,,,IDENTITY_DECISION_REQUIRED,AMBIGUOUS,CONSUMABLE/ACCESSORY FAMILY — serialized or stock is a human decision,,,,
127,PID,PID,PENDING,panasonic cell charger,panasonic cell charger 4,4,,Charger,REQUIRES_REVIEW,,,,NEW,,,IDENTITY_DECISION_REQUIRED,AMBIGUOUS,CONSUMABLE/ACCESSORY FAMILY — serialized or stock is a human decision,,,,
128,PID,PID,PENDING,panasonic rechargeable cell,panasonic rechargeable cell,,1 to 48,Battery / Cell,POOLED,48,PID-0041,,NEW,,,CONFIRM_POOLED,,QUANTITY RANGE IN SOURCE (1 to 48) — not exploded into individual assets,,,,
129,PID,PID,PENDING,Zoom H6,Zoom H6 1,1,,Audio Recorder,SERIALIZED,,PID-0042,,POSSIBLE_MATCH,25,EQ-AUD-001,PHYSICAL_VERIFICATION,,POSSIBLE MATCH — confirm before import or a duplicate is created,,,,
130,PID,PID,PENDING,Zoom H6,Zoom H6 2,2,,Audio Recorder,SERIALIZED,,PID-0043,,POSSIBLE_MATCH,25,EQ-AUD-001,PHYSICAL_VERIFICATION,,POSSIBLE MATCH — confirm before import or a duplicate is created,,,,
131,PID,PID,PENDING,Zoom H7,Zoom H7 3,3,,Audio Recorder,SERIALIZED,,PID-0044,,NEW,,,CONFIRM_NEW,,,,,,
132,PID,PID,PENDING,Zoom H8,Zoom H8 4,4,,Audio Recorder,SERIALIZED,,PID-0045,,NEW,,,CONFIRM_NEW,,,,,,
133,PID,PID,PENDING,Zoom H9,Zoom H9 5,5,,Audio Recorder,SERIALIZED,,PID-0046,,NEW,,,CONFIRM_NEW,,,,,,
134,PID,PID,PENDING,AKG P170 Condenser mic,AKG P170 Condenser mic 1,1,,Microphone / Wireless Audio,SERIALIZED,,PID-0047,,NEW,,,CONFIRM_NEW,,,,,,
135,PID,PID,PENDING,AKG P170 Condenser mic,AKG P170 Condenser mic 2,2,,Microphone / Wireless Audio,SERIALIZED,,PID-0048,,NEW,,,CONFIRM_NEW,,,,,,
136,PID,PID,PENDING,Mixpre-6II,Mixpre-6II 1,1,,Audio Recorder,SERIALIZED,,PID-0049,,NEW,,,CONFIRM_NEW,,,,,,
137,PID,PID,PENDING,AHUJA UTP-30 mic,AHUJA UTP-30 mic 1,1,,Microphone / Wireless Audio,SERIALIZED,,PID-0050,,NEW,,,CONFIRM_NEW,,,,,,
138,PID,PID,PENDING,AHUJA UTP-30 mic,AHUJA UTP-30 mic 2,2,,Microphone / Wireless Audio,SERIALIZED,,PID-0051,,NEW,,,CONFIRM_NEW,,,,,,
139,PID,PID,PENDING,snoot,snoot 1,1,,Light Modifier,REQUIRES_REVIEW,,,,NEW,,,IDENTITY_DECISION_REQUIRED,LIKELY INDIVIDUAL,CONSUMABLE/ACCESSORY FAMILY — serialized or stock is a human decision,,,,
140,PID,PID,PENDING,light meter big,light meter big 1,1,,Light Meter,SERIALIZED,,PID-0052,,NEW,,,CONFIRM_NEW,,,,,,
141,PID,PID,PENDING,light meter small,light meter small 1,1,,Light Meter,SERIALIZED,,PID-0053,,NEW,,,CONFIRM_NEW,,,,,,
142,PID,PID,PENDING,Shure SM57 mic,Shure SM57 mic 1,1,,Microphone / Wireless Audio,SERIALIZED,,PID-0054,,NEW,,,CONFIRM_NEW,,,,,,
143,PID,PID,PENDING,Shure SM57 mic,Shure SM57 mic 2,2,,Microphone / Wireless Audio,SERIALIZED,,PID-0055,,NEW,,,CONFIRM_NEW,,,,,,
144,PID,PID,PENDING,Shure SM58 mic,Shure SM58 mic 1,1,,Microphone / Wireless Audio,SERIALIZED,,PID-0056,,NEW,,,CONFIRM_NEW,,,,,,
145,PID,PID,PENDING,Shure SM58 mic,Shure SM58 mic 2,2,,Microphone / Wireless Audio,SERIALIZED,,PID-0057,,NEW,,,CONFIRM_NEW,,,,,,
146,PID,PID,PENDING,sennhesier XS wireless Digital,sennhesier XS wireless Digital 1,1,,Microphone / Wireless Audio,SERIALIZED,,PID-0058,,NEW,,,CONFIRM_NEW,,,,,,
147,PID,PID,PENDING,sennhesier XS wireless Digital,sennhesier XS wireless Digital 2,2,,Microphone / Wireless Audio,SERIALIZED,,PID-0059,,NEW,,,CONFIRM_NEW,,,,,,
148,PID,PID,PENDING,sennhesier MKH 416 boom mic,sennhesier MKH 416 boom mic 1,1,,Microphone / Wireless Audio,SERIALIZED,,PID-0060,,NEW,,,CONFIRM_NEW,,,,,,
149,PID,PID,PENDING,sennhesier MKH 416 boom mic,sennhesier MKH 416 boom mic 2,2,,Microphone / Wireless Audio,SERIALIZED,,PID-0061,,NEW,,,CONFIRM_NEW,,,,,,
150,PID,PID,PENDING,NTG 4,NTG 4 1,1,,Microphone / Wireless Audio,SERIALIZED,,PID-0062,,NEW,,,CONFIRM_NEW,,,,,,
151,PID,PID,PENDING,NTG 4,NTG 4 2,2,,Microphone / Wireless Audio,SERIALIZED,,PID-0063,,NEW,,,CONFIRM_NEW,,,,,,
152,PID,PID,PENDING,NTG 2,NTG 2 1,1,,Microphone / Wireless Audio,SERIALIZED,,PID-0064,,NEW,,,CONFIRM_NEW,,,,,,
153,PID,PID,PENDING,NTG 2,NTG 2 2,2,,Microphone / Wireless Audio,SERIALIZED,,PID-0065,,NEW,,,CONFIRM_NEW,,,,,,
154,PID,PID,PENDING,Wacom digital display,Wacom digital display 1,1,,Graphics Tablet,SERIALIZED,,PID-0066,,NEW,,,CONFIRM_NEW,,,,,,
155,PID,PID,PENDING,Wacom digital display,Wacom digital display 2,2,,Graphics Tablet,SERIALIZED,,PID-0067,,NEW,,,CONFIRM_NEW,,,,,,
156,PID,PID,PENDING,Wacom digital display,Wacom digital display 3,3,,Graphics Tablet,SERIALIZED,,PID-0068,,NEW,,,CONFIRM_NEW,,,,,,
157,PID,PID,PENDING,Wacom digital display,Wacom digital display 4,4,,Graphics Tablet,SERIALIZED,,PID-0069,,NEW,,,CONFIRM_NEW,,,,,,
158,PID,PID,PENDING,Wacom digital display,Wacom digital display 5,5,,Graphics Tablet,SERIALIZED,,PID-0070,,NEW,,,CONFIRM_NEW,,,,,,
159,PID,PID,PENDING,Wacom Intuos digital pad,Wacom Intuos digital pad 1,1,,Graphics Tablet,SERIALIZED,,PID-0071,,NEW,,,CONFIRM_NEW,,,,,,
160,PID,PID,PENDING,Wacom Intuos digital pad,Wacom Intuos digital pad 2,2,,Graphics Tablet,SERIALIZED,,PID-0072,,NEW,,,CONFIRM_NEW,,,,,,
161,PID,PID,PENDING,Wacom Intuos digital pad,Wacom Intuos digital pad 3,3,,Graphics Tablet,SERIALIZED,,PID-0073,,NEW,,,CONFIRM_NEW,,,,,,
162,PID,PID,PENDING,Wacom Intuos digital pad,Wacom Intuos digital pad 4,4,,Graphics Tablet,SERIALIZED,,PID-0074,,NEW,,,CONFIRM_NEW,,,,,,
163,PID,PID,PENDING,Wacom Intuos digital pad,Wacom Intuos digital pad 5,5,,Graphics Tablet,SERIALIZED,,PID-0075,,NEW,,,CONFIRM_NEW,,,,,,
164,PID,PID,PENDING,Wacom Intuos digital pad,Wacom Intuos digital pad 6,6,,Graphics Tablet,SERIALIZED,,PID-0076,,NEW,,,CONFIRM_NEW,,,,,,
165,PID,PID,PENDING,Wacom Intuos digital pad,Wacom Intuos digital pad 7,7,,Graphics Tablet,SERIALIZED,,PID-0077,,NEW,,,CONFIRM_NEW,,,,,,
166,PID,PID,PENDING,Wacom Intuos digital pad,Wacom Intuos digital pad 8,8,,Graphics Tablet,SERIALIZED,,PID-0078,,NEW,,,CONFIRM_NEW,,,,,,
167,PID,PID,PENDING,Wacom Intuos digital pad,Wacom Intuos digital pad 9,9,,Graphics Tablet,SERIALIZED,,PID-0079,,NEW,,,CONFIRM_NEW,,,,,,
168,PID,PID,PENDING,Wacom Intuos digital pad,Wacom Intuos digital pad 10,10,,Graphics Tablet,SERIALIZED,,PID-0080,,NEW,,,CONFIRM_NEW,,,,,,
169,PID,PID,PENDING,G4 + 2 MX XLR to AUX,G4 + 2 MX XLR to AUX 1,1,,Cable / Adapter,REQUIRES_REVIEW,,,,NEW,,,IDENTITY_DECISION_REQUIRED,AMBIGUOUS,CONSUMABLE/ACCESSORY FAMILY — serialized or stock is a human decision,,,,
170,PID,PID,PENDING,G4 + 2 MX XLR to AUX,G4 + 2 MX XLR to AUX 2,2,,Cable / Adapter,REQUIRES_REVIEW,,,,NEW,,,IDENTITY_DECISION_REQUIRED,AMBIGUOUS,CONSUMABLE/ACCESSORY FAMILY — serialized or stock is a human decision,,,,
171,PID,PID,PENDING,G4 + 2 MX XLR to AUX,G4 + 2 MX XLR to AUX 3,3,,Cable / Adapter,REQUIRES_REVIEW,,,,NEW,,,IDENTITY_DECISION_REQUIRED,AMBIGUOUS,CONSUMABLE/ACCESSORY FAMILY — serialized or stock is a human decision,,,,
172,PID,PID,PENDING,G4 + 2 MX XLR to AUX,G4 + 2 MX XLR to AUX 4,4,,Cable / Adapter,REQUIRES_REVIEW,,,,NEW,,,IDENTITY_DECISION_REQUIRED,AMBIGUOUS,CONSUMABLE/ACCESSORY FAMILY — serialized or stock is a human decision,,,,
173,PID,PID,PENDING,"Cloths (2 green,1 black , 2 white)","Cloths (2 green,1 black , 2 white) 1",1,,Cloth / Backdrop,REQUIRES_REVIEW,,,,NEW,,,IDENTITY_DECISION_REQUIRED,AMBIGUOUS,CONSUMABLE/ACCESSORY FAMILY — serialized or stock is a human decision,,,,
174,PID,PID,PENDING,"Cloths (2 green,1 black , 2 white)","Cloths (2 green,1 black , 2 white) 2",2,,Cloth / Backdrop,REQUIRES_REVIEW,,,,NEW,,,IDENTITY_DECISION_REQUIRED,AMBIGUOUS,CONSUMABLE/ACCESSORY FAMILY — serialized or stock is a human decision,,,,
175,PID,PID,PENDING,"Cloths (2 green,1 black , 2 white)","Cloths (2 green,1 black , 2 white) 3",3,,Cloth / Backdrop,REQUIRES_REVIEW,,,,NEW,,,IDENTITY_DECISION_REQUIRED,AMBIGUOUS,CONSUMABLE/ACCESSORY FAMILY — serialized or stock is a human decision,,,,
176,PID,PID,PENDING,"Cloths (2 green,1 black , 2 white)","Cloths (2 green,1 black , 2 white) 4",4,,Cloth / Backdrop,REQUIRES_REVIEW,,,,NEW,,,IDENTITY_DECISION_REQUIRED,AMBIGUOUS,CONSUMABLE/ACCESSORY FAMILY — serialized or stock is a human decision,,,,
177,PID,PID,PENDING,"Cloths (2 green,1 black , 2 white)","Cloths (2 green,1 black , 2 white) 5",5,,Cloth / Backdrop,REQUIRES_REVIEW,,,,NEW,,,IDENTITY_DECISION_REQUIRED,AMBIGUOUS,CONSUMABLE/ACCESSORY FAMILY — serialized or stock is a human decision,,,,
178,PID,PID,PENDING,big camera bag,big camera bag 1,1,,Bag,REQUIRES_REVIEW,,,,NEW,,,IDENTITY_DECISION_REQUIRED,LIKELY INDIVIDUAL,CONSUMABLE/ACCESSORY FAMILY — serialized or stock is a human decision,,,,
179,PID,PID,PENDING,big camera bag,big camera bag 2,2,,Bag,REQUIRES_REVIEW,,,,NEW,,,IDENTITY_DECISION_REQUIRED,LIKELY INDIVIDUAL,CONSUMABLE/ACCESSORY FAMILY — serialized or stock is a human decision,,,,
180,PID,PID,PENDING,big camera bag,big camera bag 3,3,,Bag,REQUIRES_REVIEW,,,,NEW,,,IDENTITY_DECISION_REQUIRED,LIKELY INDIVIDUAL,CONSUMABLE/ACCESSORY FAMILY — serialized or stock is a human decision,,,,
181,PID,PID,PENDING,big camera bag,big camera bag 4,4,,Bag,REQUIRES_REVIEW,,,,NEW,,,IDENTITY_DECISION_REQUIRED,LIKELY INDIVIDUAL,CONSUMABLE/ACCESSORY FAMILY — serialized or stock is a human decision,,,,
182,PID,PID,PENDING,big camera bag,big camera bag 5,5,,Bag,REQUIRES_REVIEW,,,,NEW,,,IDENTITY_DECISION_REQUIRED,LIKELY INDIVIDUAL,CONSUMABLE/ACCESSORY FAMILY — serialized or stock is a human decision,,,,
183,PID,PID,PENDING,big camera bag,big camera bag 6,6,,Bag,REQUIRES_REVIEW,,,,NEW,,,IDENTITY_DECISION_REQUIRED,LIKELY INDIVIDUAL,CONSUMABLE/ACCESSORY FAMILY — serialized or stock is a human decision,,,,
184,PID,PID,PENDING,big camera bag,big camera bag 7,7,,Bag,REQUIRES_REVIEW,,,,NEW,,,IDENTITY_DECISION_REQUIRED,LIKELY INDIVIDUAL,CONSUMABLE/ACCESSORY FAMILY — serialized or stock is a human decision,,,,
185,PID,PID,PENDING,sony alpha camera bag,sony alpha camera bag 1,1,,Bag,REQUIRES_REVIEW,,,,NEW,,,IDENTITY_DECISION_REQUIRED,LIKELY INDIVIDUAL,CONSUMABLE/ACCESSORY FAMILY — serialized or stock is a human decision,,,,
186,PID,PID,PENDING,sony alpha camera bag,sony alpha camera bag 2,2,,Bag,REQUIRES_REVIEW,,,,NEW,,,IDENTITY_DECISION_REQUIRED,LIKELY INDIVIDUAL,CONSUMABLE/ACCESSORY FAMILY — serialized or stock is a human decision,,,,
187,PID,PID,PENDING,sony small bag,sony small bag 1,1,,Bag,REQUIRES_REVIEW,,,,NEW,,,IDENTITY_DECISION_REQUIRED,LIKELY INDIVIDUAL,CONSUMABLE/ACCESSORY FAMILY — serialized or stock is a human decision,,,,
188,PID,PID,PENDING,sony small bag,sony small bag 2,2,,Bag,REQUIRES_REVIEW,,,,NEW,,,IDENTITY_DECISION_REQUIRED,LIKELY INDIVIDUAL,CONSUMABLE/ACCESSORY FAMILY — serialized or stock is a human decision,,,,
189,PID,PID,PENDING,sony small bag,sony small bag 3,3,,Bag,REQUIRES_REVIEW,,,,NEW,,,IDENTITY_DECISION_REQUIRED,LIKELY INDIVIDUAL,CONSUMABLE/ACCESSORY FAMILY — serialized or stock is a human decision,,,,
190,PID,PID,PENDING,sony small bag,sony small bag 4,4,,Bag,REQUIRES_REVIEW,,,,NEW,,,IDENTITY_DECISION_REQUIRED,LIKELY INDIVIDUAL,CONSUMABLE/ACCESSORY FAMILY — serialized or stock is a human decision,,,,
191,PID,PID,PENDING,canon camera bag,canon camera bag 1,1,,Bag,REQUIRES_REVIEW,,,,NEW,,,IDENTITY_DECISION_REQUIRED,LIKELY INDIVIDUAL,CONSUMABLE/ACCESSORY FAMILY — serialized or stock is a human decision,,,,
192,PID,PID,PENDING,canon camera bag,canon camera bag 2,2,,Bag,REQUIRES_REVIEW,,,,NEW,,,IDENTITY_DECISION_REQUIRED,LIKELY INDIVIDUAL,CONSUMABLE/ACCESSORY FAMILY — serialized or stock is a human decision,,,,
193,PID,PID,PENDING,canon camera bag,canon camera bag 3,3,,Bag,REQUIRES_REVIEW,,,,NEW,,,IDENTITY_DECISION_REQUIRED,LIKELY INDIVIDUAL,CONSUMABLE/ACCESSORY FAMILY — serialized or stock is a human decision,,,,
194,PID,PID,PENDING,canon camera bag,canon camera bag 4,4,,Bag,REQUIRES_REVIEW,,,,NEW,,,IDENTITY_DECISION_REQUIRED,LIKELY INDIVIDUAL,CONSUMABLE/ACCESSORY FAMILY — serialized or stock is a human decision,,,,
195,PID,PID,PENDING,canon camera bag,canon camera bag 5,5,,Bag,REQUIRES_REVIEW,,,,NEW,,,IDENTITY_DECISION_REQUIRED,LIKELY INDIVIDUAL,CONSUMABLE/ACCESSORY FAMILY — serialized or stock is a human decision,,,,
196,PID,PID,PENDING,Canon 200DII,Canon 200DII 1,1,,Camera Body,SERIALIZED,,PID-0081,,NEW,,,CONFIRM_NEW,,,,,,
197,PID,PID,PENDING,Canon 200DII,Canon 200DII 2,2,,Camera Body,SERIALIZED,,PID-0082,,NEW,,,CONFIRM_NEW,,,,,,
198,PID,PID,PENDING,Canon 200DII,Canon 200DII 3,3,,Camera Body,SERIALIZED,,PID-0083,,NEW,,,CONFIRM_NEW,,,,,,
199,PID,PID,PENDING,Canon 200DII,Canon 200DII 4,4,,Camera Body,SERIALIZED,,PID-0084,,NEW,,,CONFIRM_NEW,,,,,,
200,PID,PID,PENDING,Canon 200DII,Canon 200DII 5,5,,Camera Body,SERIALIZED,,PID-0085,,NEW,,,CONFIRM_NEW,,,,,,
201,PID,PID,PENDING,Canon 1500DII,Canon 1500DII 1,1,,Camera Body,SERIALIZED,,PID-0086,,NEW,,,CONFIRM_NEW,,,,,,
202,PID,PID,PENDING,Canon 1500DII,Canon 1500DII 2,2,,Camera Body,SERIALIZED,,PID-0087,,NEW,,,CONFIRM_NEW,,,,,,
203,PID,PID,PENDING,Canon 1500DII,Canon 1500DII 3,3,,Camera Body,SERIALIZED,,PID-0088,,NEW,,,CONFIRM_NEW,,,,,,
204,PID,PID,PENDING,Canon 1500DII,Canon 1500DII 4,4,,Camera Body,SERIALIZED,,PID-0089,,NEW,,,CONFIRM_NEW,,,,,,
205,PID,PID,PENDING,Canon 700D,Canon 700D 1,1,,Camera Body,SERIALIZED,,PID-0090,,NEW,,,CONFIRM_NEW,,,,,,
206,PID,PID,PENDING,Canon lens 55-250 mm,Canon lens 55-250 mm 1,1,,Lens,SERIALIZED,,PID-0091,,NEW,,,CONFIRM_NEW,,,,,,
207,PID,PID,PENDING,Canon lens 55-250 mm,Canon lens 55-250 mm 2,2,,Lens,SERIALIZED,,PID-0092,,NEW,,,CONFIRM_NEW,,,,,,
208,PID,PID,PENDING,Canon lens 55-250 mm,Canon lens 55-250 mm 3,3,,Lens,SERIALIZED,,PID-0093,,NEW,,,CONFIRM_NEW,,,,,,
209,PID,PID,PENDING,Canon lens 55-250 mm,Canon lens 55-250 mm 4,4,,Lens,SERIALIZED,,PID-0094,,NEW,,,CONFIRM_NEW,,,,,,
210,PID,PID,PENDING,Canon lens 55-250 mm,Canon lens 55-250 mm 5,5,,Lens,SERIALIZED,,PID-0095,,NEW,,,CONFIRM_NEW,,,,,,
211,PID,PID,PENDING,Canon lens 55-250 mm,Canon lens 55-250 mm 6,6,,Lens,SERIALIZED,,PID-0096,,NEW,,,CONFIRM_NEW,,,,,,
212,PID,PID,PENDING,Canon lens 55-250 mm,Canon lens 55-250 mm 7,7,,Lens,SERIALIZED,,PID-0097,,NEW,,,CONFIRM_NEW,,,,,,
213,PID,PID,PENDING,Canon lens macro 35 mm,Canon lens macro 35 mm 1,1,,Lens,SERIALIZED,,PID-0098,,NEW,,,CONFIRM_NEW,,,,,,
214,PID,PID,PENDING,Canon lens macro 10-18 mm,Canon lens macro 10-18 mm 1,1,,Lens,SERIALIZED,,PID-0099,,NEW,,,CONFIRM_NEW,,,,,,
215,PID,PID,PENDING,Canon lens 50 mm,Canon lens 50 mm 1,1,,Lens,SERIALIZED,,PID-0100,,NEW,,,CONFIRM_NEW,,,,,,
216,PID,PID,PENDING,Canon lens macro 100 mm,Canon lens macro 100 mm 1,1,,Lens,SERIALIZED,,PID-0101,,NEW,,,CONFIRM_NEW,,,,,,
217,PID,PID,PENDING,Canon lens 18-55 mm,Canon lens 18-55 mm 1,1,,Lens,SERIALIZED,,PID-0102,,NEW,,,CONFIRM_NEW,,,,,,
218,PID,PID,PENDING,Canon lens 18-55 mm,Canon lens 18-55 mm 2,2,,Lens,SERIALIZED,,PID-0103,,NEW,,,CONFIRM_NEW,,,,,,
219,PID,PID,PENDING,Canon lens 18-55 mm,Canon lens 18-55 mm 3,3,,Lens,SERIALIZED,,PID-0104,,NEW,,,CONFIRM_NEW,,,,,,
220,PID,PID,PENDING,Canon lens 18-55 mm,Canon lens 18-55 mm 4,4,,Lens,SERIALIZED,,PID-0105,,NEW,,,CONFIRM_NEW,,,,,,
221,PID,PID,PENDING,Canon lens 18-55 mm,Canon lens 18-55 mm 5,5,,Lens,SERIALIZED,,PID-0106,,NEW,,,CONFIRM_NEW,,,,,,
222,PID,PID,PENDING,Canon lens 18-55 mm,Canon lens 18-55 mm 6,6,,Lens,SERIALIZED,,PID-0107,,NEW,,,CONFIRM_NEW,,,,,,
223,PID,PID,PENDING,Canon lens 18-55 mm,Canon lens 18-55 mm 7,7,,Lens,SERIALIZED,,PID-0108,,NEW,,,CONFIRM_NEW,,,,,,
224,PID,PID,PENDING,Canon lens 18-55 mm,Canon lens 18-55 mm 8,8,,Lens,SERIALIZED,,PID-0109,,NEW,,,CONFIRM_NEW,,,,,,
225,PID,PID,PENDING,Canon lens 18-55 mm,Canon lens 18-55 mm 9,9,,Lens,SERIALIZED,,PID-0110,,NEW,,,CONFIRM_NEW,,,,,,
226,PID,PID,PENDING,Canon lens 18-55 mm,Canon lens 18-55 mm 10,10,,Lens,SERIALIZED,,PID-0111,,NEW,,,CONFIRM_NEW,,,,,,
227,PID,PID,PENDING,Canon lens 18-55 mm,Canon lens 18-55 mm 11,11,,Lens,SERIALIZED,,PID-0112,,NEW,,,CONFIRM_NEW,,,,,,
228,PID,PID,PENDING,Canon 200d charger,Canon 200d charger 1,1,,Charger,REQUIRES_REVIEW,,,,NEW,,,IDENTITY_DECISION_REQUIRED,LIKELY INDIVIDUAL,CONSUMABLE/ACCESSORY FAMILY — serialized or stock is a human decision,,,,
229,PID,PID,PENDING,Canon 200d charger,Canon 200d charger 2,2,,Charger,REQUIRES_REVIEW,,,,NEW,,,IDENTITY_DECISION_REQUIRED,LIKELY INDIVIDUAL,CONSUMABLE/ACCESSORY FAMILY — serialized or stock is a human decision,,,,
230,PID,PID,PENDING,Canon 200d charger,Canon 200d charger 3,3,,Charger,REQUIRES_REVIEW,,,,NEW,,,IDENTITY_DECISION_REQUIRED,LIKELY INDIVIDUAL,CONSUMABLE/ACCESSORY FAMILY — serialized or stock is a human decision,,,,
231,PID,PID,PENDING,Canon 200d charger,Canon 200d charger 4,4,,Charger,REQUIRES_REVIEW,,,,NEW,,,IDENTITY_DECISION_REQUIRED,LIKELY INDIVIDUAL,CONSUMABLE/ACCESSORY FAMILY — serialized or stock is a human decision,,,,
232,PID,PID,PENDING,Canon 200d charger,Canon 200d charger 5,5,,Charger,REQUIRES_REVIEW,,,,NEW,,,IDENTITY_DECISION_REQUIRED,LIKELY INDIVIDUAL,CONSUMABLE/ACCESSORY FAMILY — serialized or stock is a human decision,,,,
233,PID,PID,PENDING,Canon 1500DII charger,Canon 1500DII charger 1,1,,Charger,REQUIRES_REVIEW,,,,NEW,,,IDENTITY_DECISION_REQUIRED,LIKELY INDIVIDUAL,CONSUMABLE/ACCESSORY FAMILY — serialized or stock is a human decision,,,,
234,PID,PID,PENDING,Canon 1500DII charger,Canon 1500DII charger 2,2,,Charger,REQUIRES_REVIEW,,,,NEW,,,IDENTITY_DECISION_REQUIRED,LIKELY INDIVIDUAL,CONSUMABLE/ACCESSORY FAMILY — serialized or stock is a human decision,,,,
235,PID,PID,PENDING,Canon 1500DII charger,Canon 1500DII charger 3,3,,Charger,REQUIRES_REVIEW,,,,NEW,,,IDENTITY_DECISION_REQUIRED,LIKELY INDIVIDUAL,CONSUMABLE/ACCESSORY FAMILY — serialized or stock is a human decision,,,,
236,PID,PID,PENDING,Canon 1500DII charger,Canon 1500DII charger 4,4,,Charger,REQUIRES_REVIEW,,,,NEW,,,IDENTITY_DECISION_REQUIRED,LIKELY INDIVIDUAL,CONSUMABLE/ACCESSORY FAMILY — serialized or stock is a human decision,,,,
237,PID,PID,PENDING,Canon 1500DII charger,Canon 1500DII charger 5,5,,Charger,REQUIRES_REVIEW,,,,NEW,,,IDENTITY_DECISION_REQUIRED,LIKELY INDIVIDUAL,CONSUMABLE/ACCESSORY FAMILY — serialized or stock is a human decision,,,,
238,PID,PID,PENDING,Canon 700D charger,Canon 700D charger 1,1,,Charger,REQUIRES_REVIEW,,,,NEW,,,IDENTITY_DECISION_REQUIRED,LIKELY INDIVIDUAL,CONSUMABLE/ACCESSORY FAMILY — serialized or stock is a human decision,,,,
239,PID,PID,PENDING,Canon 700D charger,Canon 700D charger 2,2,,Charger,REQUIRES_REVIEW,,,,NEW,,,IDENTITY_DECISION_REQUIRED,LIKELY INDIVIDUAL,CONSUMABLE/ACCESSORY FAMILY — serialized or stock is a human decision,,,,
240,PID,PID,PENDING,boom rod,boom rod 1,1,,Tripod / Support,SERIALIZED,,PID-0113,,NEW,,,CONFIRM_NEW,,,,,,
241,PID,PID,PENDING,boom rod,boom rod 2,2,,Tripod / Support,SERIALIZED,,PID-0114,,NEW,,,CONFIRM_NEW,,,,,,
242,PID,PID,PENDING,boom rod,boom rod 3,3,,Tripod / Support,SERIALIZED,,PID-0115,,NEW,,,CONFIRM_NEW,,,,,,
243,PID,PID,PENDING,boom rod,boom rod 4,4,,Tripod / Support,SERIALIZED,,PID-0116,,NEW,,,CONFIRM_NEW,,,,,,
244,PID,PID,PENDING,boom rod,boom rod 5,5,,Tripod / Support,SERIALIZED,,PID-0117,,NEW,,,CONFIRM_NEW,,,,,,
245,PID,PID,PENDING,digitek tripod small,digitek tripod small 1,1,,Tripod / Support,SERIALIZED,,PID-0118,,NEW,,,CONFIRM_NEW,,,,,,
246,PID,PID,PENDING,digitek tripod small,digitek tripod small 2,2,,Tripod / Support,SERIALIZED,,PID-0119,,NEW,,,CONFIRM_NEW,,,,,,
247,PID,PID,PENDING,e-image tripod,e-image tripod 1,1,,Tripod / Support,SERIALIZED,,PID-0120,,NEW,,,CONFIRM_NEW,,,,,,
248,PID,PID,PENDING,Manfrotto tripod,Manfrotto tripod 1,1,,Tripod / Support,SERIALIZED,,PID-0121,,NEW,,,CONFIRM_NEW,,,,,,
249,PID,PID,PENDING,shoulder rig,shoulder rig 1,1,,Tripod / Support,SERIALIZED,,PID-0122,,NEW,,,CONFIRM_NEW,,,,,,
250,PID,PID,PENDING,camera slider kit big,camera slider kit big 1,1,,Tripod / Support,SERIALIZED,,PID-0123,,NEW,,,CONFIRM_NEW,,,,,,
251,PID,PID,PENDING,camera slider kit small,camera slider kit small 1,1,,Tripod / Support,SERIALIZED,,PID-0124,,NEW,,,CONFIRM_NEW,,,,,,
252,PID,PID,PENDING,Rechargeable cell,Rechargeable cell,,1 to 29,Battery / Cell,POOLED,29,PID-0125,,NEW,,,CONFIRM_POOLED,,QUANTITY RANGE IN SOURCE (1 to 29) — not exploded into individual assets,,,,
253,PID,PID,PENDING,cell charger,cell charger 1,1,,Charger,REQUIRES_REVIEW,,,,NEW,,,IDENTITY_DECISION_REQUIRED,AMBIGUOUS,CONSUMABLE/ACCESSORY FAMILY — serialized or stock is a human decision,,,,
254,PID,PID,PENDING,cell charger,cell charger 2,2,,Charger,REQUIRES_REVIEW,,,,NEW,,,IDENTITY_DECISION_REQUIRED,AMBIGUOUS,CONSUMABLE/ACCESSORY FAMILY — serialized or stock is a human decision,,,,
255,PID,PID,PENDING,cell charger,cell charger 3,3,,Charger,REQUIRES_REVIEW,,,,NEW,,,IDENTITY_DECISION_REQUIRED,AMBIGUOUS,CONSUMABLE/ACCESSORY FAMILY — serialized or stock is a human decision,,,,
256,PID,PID,PENDING,sennhesier headphone,sennhesier headphone 1,1,,Headphone,SERIALIZED,,PID-0126,,NEW,,,CONFIRM_NEW,,,,,,
257,PID,PID,PENDING,sennhesier headphone,sennhesier headphone 2,2,,Headphone,SERIALIZED,,PID-0127,,NEW,,,CONFIRM_NEW,,,,,,
258,PID,PID,PENDING,sennhesier headphone,sennhesier headphone 3,3,,Headphone,SERIALIZED,,PID-0128,,NEW,,,CONFIRM_NEW,,,,,,
259,PID,PID,PENDING,sennhesier headphone,sennhesier headphone 4,4,,Headphone,SERIALIZED,,PID-0129,,NEW,,,CONFIRM_NEW,,,,,,
260,PID,PID,PENDING,sennhesier headphone,sennhesier headphone 5,5,,Headphone,SERIALIZED,,PID-0130,,NEW,,,CONFIRM_NEW,,,,,,
261,PID,PID,PENDING,sennhesier headphone,sennhesier headphone 6,6,,Headphone,SERIALIZED,,PID-0131,,NEW,,,CONFIRM_NEW,,,,,,
262,PID,PID,PENDING,sennhesier headphone,sennhesier headphone 7,7,,Headphone,SERIALIZED,,PID-0132,,NEW,,,CONFIRM_NEW,,,,,,
263,PID,PID,PENDING,sennhesier headphone,sennhesier headphone 8,8,,Headphone,SERIALIZED,,PID-0133,,NEW,,,CONFIRM_NEW,,,,,,
264,PID,PID,PENDING,sennhesier headphone,sennhesier headphone 9,9,,Headphone,SERIALIZED,,PID-0134,,NEW,,,CONFIRM_NEW,,,,,,
265,PID,PID,PENDING,sennhesier headphone,sennhesier headphone 10,10,,Headphone,SERIALIZED,,PID-0135,,NEW,,,CONFIRM_NEW,,,,,,
266,PID,PID,PENDING,sennhesier headphone,sennhesier headphone 11,11,,Headphone,SERIALIZED,,PID-0136,,NEW,,,CONFIRM_NEW,,,,,,
267,PID,PID,PENDING,Sony ZV-e10 m2,Sony ZV-e10 m2 1,1,,Camera Body,SERIALIZED,,PID-0137,,NEW,,,CONFIRM_NEW,,,,,,
268,PID,PID,PENDING,Sony ZV-e10 m3,Sony ZV-e10 m3 2,2,,Camera Body,SERIALIZED,,PID-0138,,NEW,,,CONFIRM_NEW,,,,,,
269,PID,PID,PENDING,Sony ZV-e10 m4,Sony ZV-e10 m4 3,3,,Camera Body,SERIALIZED,,PID-0139,,NEW,,,CONFIRM_NEW,,,,,,
270,PID,PID,PENDING,Sony ZV-e10 m5,Sony ZV-e10 m5 4,4,,Camera Body,SERIALIZED,,PID-0140,,NEW,,,CONFIRM_NEW,,,,,,
271,PID,PID,PENDING,Sony ɑ 6400,Sony ɑ 6400 1,1,,Camera Body,SERIALIZED,,PID-0141,,NEW,,,CONFIRM_NEW,,,,,,
272,PID,PID,PENDING,Sony ɑ M3,Sony ɑ M3 1,1,,Camera Body,SERIALIZED,,PID-0142,,DUPLICATE_RISK,1 | 2,EQ-CAM-001 | EQ-CAM-002,PHYSICAL_VERIFICATION,,DUPLICATE RISK — do not import until the unit is identified,,,,
273,PID,PID,PENDING,Sony C2,Sony C2 1,1,,Camera Body,SERIALIZED,,PID-0143,,NEW,,,CONFIRM_NEW,,,,,,
274,PID,PID,PENDING,Sony battery,Sony battery 1,1,,Battery / Cell,REQUIRES_REVIEW,,,,NEW,,,IDENTITY_DECISION_REQUIRED,AMBIGUOUS,CONSUMABLE/ACCESSORY FAMILY — serialized or stock is a human decision,,,,
275,PID,PID,PENDING,Sony battery,Sony battery 2,2,,Battery / Cell,REQUIRES_REVIEW,,,,NEW,,,IDENTITY_DECISION_REQUIRED,AMBIGUOUS,CONSUMABLE/ACCESSORY FAMILY — serialized or stock is a human decision,,,,
276,PID,PID,PENDING,Sony battery,Sony battery 3,3,,Battery / Cell,REQUIRES_REVIEW,,,,NEW,,,IDENTITY_DECISION_REQUIRED,AMBIGUOUS,CONSUMABLE/ACCESSORY FAMILY — serialized or stock is a human decision,,,,
277,PID,PID,PENDING,Sony battery,Sony battery 4,4,,Battery / Cell,REQUIRES_REVIEW,,,,NEW,,,IDENTITY_DECISION_REQUIRED,AMBIGUOUS,CONSUMABLE/ACCESSORY FAMILY — serialized or stock is a human decision,,,,
278,PID,PID,PENDING,Sony battery,Sony battery 5,5,,Battery / Cell,REQUIRES_REVIEW,,,,NEW,,,IDENTITY_DECISION_REQUIRED,AMBIGUOUS,CONSUMABLE/ACCESSORY FAMILY — serialized or stock is a human decision,,,,
279,PID,PID,PENDING,Sony battery,Sony battery 6,6,,Battery / Cell,REQUIRES_REVIEW,,,,NEW,,,IDENTITY_DECISION_REQUIRED,AMBIGUOUS,CONSUMABLE/ACCESSORY FAMILY — serialized or stock is a human decision,,,,
280,PID,PID,PENDING,Sony battery,Sony battery 7,7,,Battery / Cell,REQUIRES_REVIEW,,,,NEW,,,IDENTITY_DECISION_REQUIRED,AMBIGUOUS,CONSUMABLE/ACCESSORY FAMILY — serialized or stock is a human decision,,,,
281,PID,PID,PENDING,Sony lens 70-200 mm,Sony lens 70-200 mm 1,1,,Lens,SERIALIZED,,PID-0144,,POSSIBLE_MATCH,9,EQ-LEN-002,PHYSICAL_VERIFICATION,,POSSIBLE MATCH — confirm before import or a duplicate is created,,,,
282,PID,PID,PENDING,Sony 18-105 mm,Sony 18-105 mm 1,1,,Lens,SERIALIZED,,PID-0145,,NEW,,,CONFIRM_NEW,,,,,,
283,PID,PID,PENDING,Sony 50 mm crop senser,Sony 50 mm crop senser 1,1,,Lens,SERIALIZED,,PID-0146,,NEW,,,CONFIRM_NEW,,,,,,
284,PID,PID,PENDING,Sony 28 - 135 mm,Sony 28 - 135 mm 1,1,,Lens,SERIALIZED,,PID-0147,,NEW,,,CONFIRM_NEW,,,,,,
285,PID,PID,PENDING,Sony 50 mm,Sony 50 mm 1,1,,Lens,SERIALIZED,,PID-0148,,NEW,,,CONFIRM_NEW,,,,,,
286,PID,PID,PENDING,Sony 16 - 35 mm,Sony 16 - 35 mm 1,1,,Lens,SERIALIZED,,PID-0149,,POSSIBLE_MATCH,10,EQ-LEN-003,PHYSICAL_VERIFICATION,,POSSIBLE MATCH — confirm before import or a duplicate is created,,,,
287,PID,PID,PENDING,Sony 85 mm,Sony 85 mm 1,1,,Lens,SERIALIZED,,PID-0150,,POSSIBLE_MATCH,11,EQ-LEN-004,PHYSICAL_VERIFICATION,,POSSIBLE MATCH — confirm before import or a duplicate is created,,,,
288,PID,PID,PENDING,Sony 24mm,Sony 24mm 1,1,,Lens,SERIALIZED,,PID-0151,,POSSIBLE_MATCH,8,EQ-LEN-001,PHYSICAL_VERIFICATION,,POSSIBLE MATCH — confirm before import or a duplicate is created,,,,
289,PID,PID,PENDING,Sony 55-210 mm,Sony 55-210 mm 1,1,,Lens,SERIALIZED,,PID-0152,,NEW,,,CONFIRM_NEW,,,,,,
290,PID,PID,PENDING,Yamaha speaker,Yamaha speaker 1,1,,Speaker,SERIALIZED,,PID-0153,,NEW,,,CONFIRM_NEW,,,,,,
291,PID,PID,PENDING,Yamaha speaker,Yamaha speaker 2,2,,Speaker,SERIALIZED,,PID-0154,,NEW,,,CONFIRM_NEW,,,,,,
292,PID,PID,PENDING,ZOOM H4,ZOOM H4 1,1,,Audio Recorder,SERIALIZED,,PID-0155,,NEW,,,CONFIRM_NEW,,,,,,
